{"title":"SUBTLEX-CH","revision":"zhfreq_subs_2023-06-20","format":3,"url":"https://www.chinese-forums.com/forums/topic/56816-sharing-a-pleco-word-frequency-user-dictionary/","description":"This frequency list is taken from BearXiong's post on chinese-forums.com. The subtitles category is based on SUBTLEX, a frequency list compiled by the university of Ghent, Belgium.","author":"University of Ghent compiled the data, BearXiong converted it for Pleco, nadavspi and Michel converted it for yomichan","attribution":"University of Ghent","frequencyMode":"rank-based"}