{"revision":"daijisen_20210506;2021-07-27 画像無し","url":"https://dictionary.goo.ne.jp","description":"30万4千項目以上（2021年04月現在）を収録、言葉の集大成といえる大型国語辞典。年3回。定期更新を行い、最新の項目と日々修正される最新のデータを提供しています。","attribution":"監修：松村明\n編集委員：池上秋彦、金田弘、杉崎一雄、鈴木丹士郎、中嶋尚、林巨樹、飛田良文\n編集協力：田中牧郎、曽根脩\n\n© Shogakukan Inc.\nhttps://daijisen.jp","title":"デジタル大辞泉","format":3,"sequenced":true,"author":"ッツ"}
