{
    "title":"Sinica","revision":"Sinica_2024-04-16",
    "format":3,
    "url":"https://elearning.ling.sinica.edu.tw/eng_jindai.html",
    "description":"This frequency list is taken from the sinica.edu.tw website and gives the frequencies of traditional characters in a Taiwanese corpus. Note that the website is from 2005, the encoding was obsolete and some characters were not rendered. It was not possible to retrieve all entries for the rarest words either, as only 300 of those occurring only once could be shown on the webpage. As a result, the full list has little more than 10 000 unique entries.",
    "author":"Sinica, Michel",
    "attribution":"Institute of Linguistics, Academia Sinica",
    "frequencyMode":"rank-based"
}