{"title":"JMnedict [2024-08-19]","format":3,"revision":"JMnedict.2024-08-19","sequenced":true,"author":"yomitan-import","url":"https://github.com/themoeway/yomitan-import","description":"","attribution":"This publication has included material from the JMdict (EDICT, etc.) dictionary files in accordance with the licence provisions of the Electronic Dictionaries Research Group. See http://www.edrdg.org/","isUpdatable":true,"indexUrl":"https://github.com/themoeway/jmdict-yomitan/releases/latest/download/JMnedict.json","downloadUrl":"https://github.com/themoeway/jmdict-yomitan/releases/latest/download/JMnedict.zip"}