{"title":"KANJIDIC [2024-232]","format":3,"revision":"kanjidic2.2024-232","sequenced":false,"author":"yomitan-import","url":"https://github.com/themoeway/yomitan-import","description":"","attribution":"This publication has included material from the JMdict (EDICT, etc.) dictionary files in accordance with the licence provisions of the Electronic Dictionaries Research Group. See http://www.edrdg.org/","isUpdatable":true,"indexUrl":"https://github.com/themoeway/jmdict-yomitan/releases/latest/download/KANJIDIC_english.json","downloadUrl":"https://github.com/themoeway/jmdict-yomitan/releases/latest/download/KANJIDIC_english.zip"}