{
	"title":"DaCidian",
	"format":3,"revision":
	"DaCidian_2024-04-20",
	"sequenced":true,
	"description":"The Hanyu Da Cidian (汉语大词典) is the most comprehensive Chinese dictionary, comparable to the Oxford English Dictionary. This dictionary is taken from shoui520's github page, Yomichan setup for Chinese; the original source is Chrono7, who posted it on the Chinese Refold server. Michel converted it from traditional to simplifed.", 
	"author":"Chinese Dictionary Editorial Committee, Luo Zhufeng (chief editor), Chrono7 formatted it for Yomitan, Michel converted it to simplified", 
	"attribution":"Chinese Dictionary Editorial Committee"
}