{"title":"BLCUcoll","revision":"zhfreq_coll_2023-06-20","format":3,"url":"https://www.chinese-forums.com/forums/topic/56816-sharing-a-pleco-word-frequency-user-dictionary/","description":"This frequency list is taken from BearXiong's post on chinese-forums.com. The data itself comes from the 15 billion character corpus compiled by the Beijing Language and Culture university.","author":"Beijing Language and Culture University compiled the data, BearXiong converted it for Pleco, nadavspi and Michel converted it for yomichan","attribution":"Beijing Language and Culture University","frequencyMode":"rank-based"}